vw_ch_Episodes,C:\Users\MollyMcEvilley\OneDrive - Square Peg Data\GitHub\LSASampleCodev8\Sample Data\Sample HIC Temp Tables\ch_Episodes.csv
vw_ch_Episodes_exit,C:\Users\MollyMcEvilley\OneDrive - Square Peg Data\GitHub\LSASampleCodev8\Sample Data\Sample HIC Temp Tables\ch_Episodes_exit.csv
vw_ch_Exclude,C:\Users\MollyMcEvilley\OneDrive - Square Peg Data\GitHub\LSASampleCodev8\Sample Data\Sample HIC Temp Tables\ch_Exclude.csv
vw_ch_Exclude_exit,C:\Users\MollyMcEvilley\OneDrive - Square Peg Data\GitHub\LSASampleCodev8\Sample Data\Sample HIC Temp Tables\ch_Exclude_exit.csv
vw_ch_Include,C:\Users\MollyMcEvilley\OneDrive - Square Peg Data\GitHub\LSASampleCodev8\Sample Data\Sample HIC Temp Tables\ch_Include.csv
vw_ch_Include_exit,C:\Users\MollyMcEvilley\OneDrive - Square Peg Data\GitHub\LSASampleCodev8\Sample Data\Sample HIC Temp Tables\ch_Include_exit.csv
vw_lsa_Affiliation,C:\Users\MollyMcEvilley\OneDrive - Square Peg Data\GitHub\LSASampleCodev8\Sample Data\Sample HIC Output\Affiliation.csv
vw_lsa_Calculated,C:\Users\MollyMcEvilley\OneDrive - Square Peg Data\GitHub\LSASampleCodev8\Sample Data\Sample HIC Output\LSACalculated.csv
vw_lsa_Exit,C:\Users\MollyMcEvilley\OneDrive - Square Peg Data\GitHub\LSASampleCodev8\Sample Data\Sample HIC Output\LSAExit.csv
vw_lsa_Funder,C:\Users\MollyMcEvilley\OneDrive - Square Peg Data\GitHub\LSASampleCodev8\Sample Data\Sample HIC Output\Funder.csv
vw_lsa_HMISParticipation,C:\Users\MollyMcEvilley\OneDrive - Square Peg Data\GitHub\LSASampleCodev8\Sample Data\Sample HIC Output\HMISParticipation.csv
vw_lsa_Household,C:\Users\MollyMcEvilley\OneDrive - Square Peg Data\GitHub\LSASampleCodev8\Sample Data\Sample HIC Output\LSAHousehold.csv
vw_lsa_Inventory,C:\Users\MollyMcEvilley\OneDrive - Square Peg Data\GitHub\LSASampleCodev8\Sample Data\Sample HIC Output\Inventory.csv
vw_lsa_Organization,C:\Users\MollyMcEvilley\OneDrive - Square Peg Data\GitHub\LSASampleCodev8\Sample Data\Sample HIC Output\Organization.csv
vw_lsa_Person,C:\Users\MollyMcEvilley\OneDrive - Square Peg Data\GitHub\LSASampleCodev8\Sample Data\Sample HIC Output\LSAPerson.csv
vw_lsa_Project,C:\Users\MollyMcEvilley\OneDrive - Square Peg Data\GitHub\LSASampleCodev8\Sample Data\Sample HIC Output\Project.csv
vw_lsa_ProjectCoC,C:\Users\MollyMcEvilley\OneDrive - Square Peg Data\GitHub\LSASampleCodev8\Sample Data\Sample HIC Output\ProjectCoC.csv
vw_lsa_Report,C:\Users\MollyMcEvilley\OneDrive - Square Peg Data\GitHub\LSASampleCodev8\Sample Data\Sample HIC Output\LSAReport.csv
vw_sys_Time,C:\Users\MollyMcEvilley\OneDrive - Square Peg Data\GitHub\LSASampleCodev8\Sample Data\Sample HIC Temp Tables\sys_Time.csv
vw_sys_TimePadded,C:\Users\MollyMcEvilley\OneDrive - Square Peg Data\GitHub\LSASampleCodev8\Sample Data\Sample HIC Temp Tables\sys_TimePadded.csv
vw_sys_TimePadded_exit,C:\Users\MollyMcEvilley\OneDrive - Square Peg Data\GitHub\LSASampleCodev8\Sample Data\Sample HIC Temp Tables\sys_TimePadded_exit.csv
vw_tlsa_AveragePops,C:\Users\MollyMcEvilley\OneDrive - Square Peg Data\GitHub\LSASampleCodev8\Sample Data\Sample HIC Temp Tables\tlsa_AveragePops.csv
vw_tlsa_CohortDates,C:\Users\MollyMcEvilley\OneDrive - Square Peg Data\GitHub\LSASampleCodev8\Sample Data\Sample HIC Temp Tables\tlsa_CohortDates.csv
vw_tlsa_CountPops,C:\Users\MollyMcEvilley\OneDrive - Square Peg Data\GitHub\LSASampleCodev8\Sample Data\Sample HIC Temp Tables\tlsa_CountPops.csv
vw_tlsa_Enrollment,C:\Users\MollyMcEvilley\OneDrive - Square Peg Data\GitHub\LSASampleCodev8\Sample Data\Sample HIC Temp Tables\tlsa_Enrollment.csv
vw_tlsa_Exit,C:\Users\MollyMcEvilley\OneDrive - Square Peg Data\GitHub\LSASampleCodev8\Sample Data\Sample HIC Temp Tables\tlsa_Exit.csv
vw_tlsa_ExitHoHAdult,C:\Users\MollyMcEvilley\OneDrive - Square Peg Data\GitHub\LSASampleCodev8\Sample Data\Sample HIC Temp Tables\tlsa_ExitHoHAdult.csv
vw_tlsa_HHID,C:\Users\MollyMcEvilley\OneDrive - Square Peg Data\GitHub\LSASampleCodev8\Sample Data\Sample HIC Temp Tables\tlsa_HHID.csv
vw_tlsa_Household,C:\Users\MollyMcEvilley\OneDrive - Square Peg Data\GitHub\LSASampleCodev8\Sample Data\Sample HIC Temp Tables\tlsa_Household.csv
vw_tlsa_Person,C:\Users\MollyMcEvilley\OneDrive - Square Peg Data\GitHub\LSASampleCodev8\Sample Data\Sample HIC Temp Tables\tlsa_Person.csv
