vw_hmis_Affiliation,C:\Users\MollyMcEvilley\OneDrive - Square Peg Data\GitHub\LSASampleCodev8\Sample Data\Sample HMIS Data\Affiliation.csv
vw_hmis_Assessment,C:\Users\MollyMcEvilley\OneDrive - Square Peg Data\GitHub\LSASampleCodev8\Sample Data\Sample HMIS Data\Assessment.csv
vw_hmis_AssessmentQuestions,C:\Users\MollyMcEvilley\OneDrive - Square Peg Data\GitHub\LSASampleCodev8\Sample Data\Sample HMIS Data\AssessmentQuestions.csv
vw_hmis_AssessmentResults,C:\Users\MollyMcEvilley\OneDrive - Square Peg Data\GitHub\LSASampleCodev8\Sample Data\Sample HMIS Data\AssessmentResults.csv
vw_hmis_CEParticipation,C:\Users\MollyMcEvilley\OneDrive - Square Peg Data\GitHub\LSASampleCodev8\Sample Data\Sample HMIS Data\CEParticipation.csv
vw_hmis_Client,C:\Users\MollyMcEvilley\OneDrive - Square Peg Data\GitHub\LSASampleCodev8\Sample Data\Sample HMIS Data\Client.csv
vw_hmis_CurrentLivingSituation,C:\Users\MollyMcEvilley\OneDrive - Square Peg Data\GitHub\LSASampleCodev8\Sample Data\Sample HMIS Data\CurrentLivingSituation.csv
vw_hmis_Disabilities,C:\Users\MollyMcEvilley\OneDrive - Square Peg Data\GitHub\LSASampleCodev8\Sample Data\Sample HMIS Data\Disabilities.csv
vw_hmis_EmploymentEducation,C:\Users\MollyMcEvilley\OneDrive - Square Peg Data\GitHub\LSASampleCodev8\Sample Data\Sample HMIS Data\EmploymentEducation.csv
vw_hmis_Enrollment,C:\Users\MollyMcEvilley\OneDrive - Square Peg Data\GitHub\LSASampleCodev8\Sample Data\Sample HMIS Data\Enrollment.csv
vw_hmis_Event,C:\Users\MollyMcEvilley\OneDrive - Square Peg Data\GitHub\LSASampleCodev8\Sample Data\Sample HMIS Data\Event.csv
vw_hmis_Exit,C:\Users\MollyMcEvilley\OneDrive - Square Peg Data\GitHub\LSASampleCodev8\Sample Data\Sample HMIS Data\Exit.csv
vw_hmis_Export,C:\Users\MollyMcEvilley\OneDrive - Square Peg Data\GitHub\LSASampleCodev8\Sample Data\Sample HMIS Data\Export.csv
vw_hmis_Funder,C:\Users\MollyMcEvilley\OneDrive - Square Peg Data\GitHub\LSASampleCodev8\Sample Data\Sample HMIS Data\Funder.csv
vw_hmis_HealthAndDV,C:\Users\MollyMcEvilley\OneDrive - Square Peg Data\GitHub\LSASampleCodev8\Sample Data\Sample HMIS Data\HealthAndDV.csv
vw_hmis_HMISParticipation,C:\Users\MollyMcEvilley\OneDrive - Square Peg Data\GitHub\LSASampleCodev8\Sample Data\Sample HMIS Data\HMISParticipation.csv
vw_hmis_IncomeBenefits,C:\Users\MollyMcEvilley\OneDrive - Square Peg Data\GitHub\LSASampleCodev8\Sample Data\Sample HMIS Data\IncomeBenefits.csv
vw_hmis_Inventory,C:\Users\MollyMcEvilley\OneDrive - Square Peg Data\GitHub\LSASampleCodev8\Sample Data\Sample HMIS Data\Inventory.csv
vw_hmis_Organization,C:\Users\MollyMcEvilley\OneDrive - Square Peg Data\GitHub\LSASampleCodev8\Sample Data\Sample HMIS Data\Organization.csv
vw_hmis_Project,C:\Users\MollyMcEvilley\OneDrive - Square Peg Data\GitHub\LSASampleCodev8\Sample Data\Sample HMIS Data\Project.csv
vw_hmis_ProjectCoC,C:\Users\MollyMcEvilley\OneDrive - Square Peg Data\GitHub\LSASampleCodev8\Sample Data\Sample HMIS Data\ProjectCoC.csv
vw_hmis_Services,C:\Users\MollyMcEvilley\OneDrive - Square Peg Data\GitHub\LSASampleCodev8\Sample Data\Sample HMIS Data\Services.csv
vw_hmis_User,C:\Users\MollyMcEvilley\OneDrive - Square Peg Data\GitHub\LSASampleCodev8\Sample Data\Sample HMIS Data\User.csv
vw_hmis_YouthEducationStatus,C:\Users\MollyMcEvilley\OneDrive - Square Peg Data\GitHub\LSASampleCodev8\Sample Data\Sample HMIS Data\YouthEducationStatus.csv
