vw_ch_Episodes,C:\Users\MollyMcEvilley\OneDrive - Square Peg Data\GitHub\LSASampleCodev8\Sample Data\Sample LSA Temp Tables\ch_Episodes.csv
vw_ch_Episodes_exit,C:\Users\MollyMcEvilley\OneDrive - Square Peg Data\GitHub\LSASampleCodev8\Sample Data\Sample LSA Temp Tables\ch_Episodes_exit.csv
vw_ch_Exclude,C:\Users\MollyMcEvilley\OneDrive - Square Peg Data\GitHub\LSASampleCodev8\Sample Data\Sample LSA Temp Tables\ch_Exclude.csv
vw_ch_Exclude_exit,C:\Users\MollyMcEvilley\OneDrive - Square Peg Data\GitHub\LSASampleCodev8\Sample Data\Sample LSA Temp Tables\ch_Exclude_exit.csv
vw_ch_Include,C:\Users\MollyMcEvilley\OneDrive - Square Peg Data\GitHub\LSASampleCodev8\Sample Data\Sample LSA Temp Tables\ch_Include.csv
vw_ch_Include_exit,C:\Users\MollyMcEvilley\OneDrive - Square Peg Data\GitHub\LSASampleCodev8\Sample Data\Sample LSA Temp Tables\ch_Include_exit.csv
vw_hmis_Affiliation,C:\Users\MollyMcEvilley\OneDrive - Square Peg Data\GitHub\LSASampleCodev8\Sample Data\Sample HMIS Data\Affiliation.csv
vw_hmis_Assessment,C:\Users\MollyMcEvilley\OneDrive - Square Peg Data\GitHub\LSASampleCodev8\Sample Data\Sample HMIS Data\Assessment.csv
vw_hmis_AssessmentQuestions,C:\Users\MollyMcEvilley\OneDrive - Square Peg Data\GitHub\LSASampleCodev8\Sample Data\Sample HMIS Data\AssessmentQuestions.csv
vw_hmis_AssessmentResults,C:\Users\MollyMcEvilley\OneDrive - Square Peg Data\GitHub\LSASampleCodev8\Sample Data\Sample HMIS Data\AssessmentResults.csv
vw_hmis_CEParticipation,C:\Users\MollyMcEvilley\OneDrive - Square Peg Data\GitHub\LSASampleCodev8\Sample Data\Sample HMIS Data\CEParticipation.csv
vw_hmis_Client,C:\Users\MollyMcEvilley\OneDrive - Square Peg Data\GitHub\LSASampleCodev8\Sample Data\Sample HMIS Data\Client.csv
vw_hmis_CurrentLivingSituation,C:\Users\MollyMcEvilley\OneDrive - Square Peg Data\GitHub\LSASampleCodev8\Sample Data\Sample HMIS Data\CurrentLivingSituation.csv
vw_hmis_Disabilities,C:\Users\MollyMcEvilley\OneDrive - Square Peg Data\GitHub\LSASampleCodev8\Sample Data\Sample HMIS Data\Disabilities.csv
vw_hmis_EmploymentEducation,C:\Users\MollyMcEvilley\OneDrive - Square Peg Data\GitHub\LSASampleCodev8\Sample Data\Sample HMIS Data\EmploymentEducation.csv
vw_hmis_Enrollment,C:\Users\MollyMcEvilley\OneDrive - Square Peg Data\GitHub\LSASampleCodev8\Sample Data\Sample HMIS Data\Enrollment.csv
vw_hmis_Event,C:\Users\MollyMcEvilley\OneDrive - Square Peg Data\GitHub\LSASampleCodev8\Sample Data\Sample HMIS Data\Event.csv
vw_hmis_Exit,C:\Users\MollyMcEvilley\OneDrive - Square Peg Data\GitHub\LSASampleCodev8\Sample Data\Sample HMIS Data\Exit.csv
vw_hmis_Export,C:\Users\MollyMcEvilley\OneDrive - Square Peg Data\GitHub\LSASampleCodev8\Sample Data\Sample HMIS Data\Export.csv
vw_hmis_Funder,C:\Users\MollyMcEvilley\OneDrive - Square Peg Data\GitHub\LSASampleCodev8\Sample Data\Sample HMIS Data\Funder.csv
vw_hmis_HealthAndDV,C:\Users\MollyMcEvilley\OneDrive - Square Peg Data\GitHub\LSASampleCodev8\Sample Data\Sample HMIS Data\HealthAndDV.csv
vw_hmis_HMISParticipation,C:\Users\MollyMcEvilley\OneDrive - Square Peg Data\GitHub\LSASampleCodev8\Sample Data\Sample HMIS Data\HMISParticipation.csv
vw_hmis_IncomeBenefits,C:\Users\MollyMcEvilley\OneDrive - Square Peg Data\GitHub\LSASampleCodev8\Sample Data\Sample HMIS Data\IncomeBenefits.csv
vw_hmis_Inventory,C:\Users\MollyMcEvilley\OneDrive - Square Peg Data\GitHub\LSASampleCodev8\Sample Data\Sample HMIS Data\Inventory.csv
vw_hmis_Organization,C:\Users\MollyMcEvilley\OneDrive - Square Peg Data\GitHub\LSASampleCodev8\Sample Data\Sample HMIS Data\Organization.csv
vw_hmis_Project,C:\Users\MollyMcEvilley\OneDrive - Square Peg Data\GitHub\LSASampleCodev8\Sample Data\Sample HMIS Data\Project.csv
vw_hmis_ProjectCoC,C:\Users\MollyMcEvilley\OneDrive - Square Peg Data\GitHub\LSASampleCodev8\Sample Data\Sample HMIS Data\ProjectCoC.csv
vw_hmis_Services,C:\Users\MollyMcEvilley\OneDrive - Square Peg Data\GitHub\LSASampleCodev8\Sample Data\Sample HMIS Data\Services.csv
vw_hmis_User,C:\Users\MollyMcEvilley\OneDrive - Square Peg Data\GitHub\LSASampleCodev8\Sample Data\Sample HMIS Data\User.csv
vw_hmis_YouthEducationStatus,C:\Users\MollyMcEvilley\OneDrive - Square Peg Data\GitHub\LSASampleCodev8\Sample Data\Sample HMIS Data\YouthEducationStatus.csv
vw_lsa_Affiliation,C:\Users\MollyMcEvilley\OneDrive - Square Peg Data\GitHub\LSASampleCodev8\Sample Data\Sample LSA Output\Affiliation.csv
vw_lsa_Calculated,C:\Users\MollyMcEvilley\OneDrive - Square Peg Data\GitHub\LSASampleCodev8\Sample Data\Sample LSA Output\LSACalculated.csv
vw_lsa_Exit,C:\Users\MollyMcEvilley\OneDrive - Square Peg Data\GitHub\LSASampleCodev8\Sample Data\Sample LSA Output\LSAExit.csv
vw_lsa_Funder,C:\Users\MollyMcEvilley\OneDrive - Square Peg Data\GitHub\LSASampleCodev8\Sample Data\Sample LSA Output\Funder.csv
vw_lsa_HMISParticipation,C:\Users\MollyMcEvilley\OneDrive - Square Peg Data\GitHub\LSASampleCodev8\Sample Data\Sample LSA Output\HMISParticipation.csv
vw_lsa_Household,C:\Users\MollyMcEvilley\OneDrive - Square Peg Data\GitHub\LSASampleCodev8\Sample Data\Sample LSA Output\LSAHousehold.csv
vw_lsa_Inventory,C:\Users\MollyMcEvilley\OneDrive - Square Peg Data\GitHub\LSASampleCodev8\Sample Data\Sample LSA Output\Inventory.csv
vw_lsa_Organization,C:\Users\MollyMcEvilley\OneDrive - Square Peg Data\GitHub\LSASampleCodev8\Sample Data\Sample LSA Output\Organization.csv
vw_lsa_Person,C:\Users\MollyMcEvilley\OneDrive - Square Peg Data\GitHub\LSASampleCodev8\Sample Data\Sample LSA Output\LSAPerson.csv
vw_lsa_Project,C:\Users\MollyMcEvilley\OneDrive - Square Peg Data\GitHub\LSASampleCodev8\Sample Data\Sample LSA Output\Project.csv
vw_lsa_ProjectCoC,C:\Users\MollyMcEvilley\OneDrive - Square Peg Data\GitHub\LSASampleCodev8\Sample Data\Sample LSA Output\ProjectCoC.csv
vw_lsa_Report,C:\Users\MollyMcEvilley\OneDrive - Square Peg Data\GitHub\LSASampleCodev8\Sample Data\Sample LSA Output\LSAReport.csv
vw_sys_Time,C:\Users\MollyMcEvilley\OneDrive - Square Peg Data\GitHub\LSASampleCodev8\Sample Data\Sample LSA Temp Tables\sys_Time.csv
vw_sys_TimePadded,C:\Users\MollyMcEvilley\OneDrive - Square Peg Data\GitHub\LSASampleCodev8\Sample Data\Sample LSA Temp Tables\sys_TimePadded.csv
vw_sys_TimePadded_exit,C:\Users\MollyMcEvilley\OneDrive - Square Peg Data\GitHub\LSASampleCodev8\Sample Data\Sample LSA Temp Tables\sys_TimePadded_exit.csv
vw_tlsa_AveragePops,C:\Users\MollyMcEvilley\OneDrive - Square Peg Data\GitHub\LSASampleCodev8\Sample Data\Sample LSA Temp Tables\tlsa_AveragePops.csv
vw_tlsa_CohortDates,C:\Users\MollyMcEvilley\OneDrive - Square Peg Data\GitHub\LSASampleCodev8\Sample Data\Sample LSA Temp Tables\tlsa_CohortDates.csv
vw_tlsa_CountPops,C:\Users\MollyMcEvilley\OneDrive - Square Peg Data\GitHub\LSASampleCodev8\Sample Data\Sample LSA Temp Tables\tlsa_CountPops.csv
vw_tlsa_Enrollment,C:\Users\MollyMcEvilley\OneDrive - Square Peg Data\GitHub\LSASampleCodev8\Sample Data\Sample LSA Temp Tables\tlsa_Enrollment.csv
vw_tlsa_Exit,C:\Users\MollyMcEvilley\OneDrive - Square Peg Data\GitHub\LSASampleCodev8\Sample Data\Sample LSA Temp Tables\tlsa_Exit.csv
vw_tlsa_ExitHoHAdult,C:\Users\MollyMcEvilley\OneDrive - Square Peg Data\GitHub\LSASampleCodev8\Sample Data\Sample LSA Temp Tables\tlsa_ExitHoHAdult.csv
vw_tlsa_HHID,C:\Users\MollyMcEvilley\OneDrive - Square Peg Data\GitHub\LSASampleCodev8\Sample Data\Sample LSA Temp Tables\tlsa_HHID.csv
vw_tlsa_Household,C:\Users\MollyMcEvilley\OneDrive - Square Peg Data\GitHub\LSASampleCodev8\Sample Data\Sample LSA Temp Tables\tlsa_Household.csv
vw_tlsa_Person,C:\Users\MollyMcEvilley\OneDrive - Square Peg Data\GitHub\LSASampleCodev8\Sample Data\Sample LSA Temp Tables\tlsa_Person.csv
